scene,y_true,accuracy,avg_score,count
2_Las_Vegas,0,0.9625,0.019148292573663638,80
2_Las_Vegas,1,1.0,0.8959154726937413,160
4_Italy,1,1.0,0.9898730881512166,80
