model,train_auc,test_auc,gap
LogisticElasticNet,0.5493064191597883,0.5036876091207676,0.045618810039020685
LinearSVC,0.5500384644744591,0.5034269315307736,0.046611532943685585
MLPClassifier,0.5843406560596667,0.5058464720735557,0.07849418398611097
AttentionLSTM,0.5018122226712529,0.4973420083178946,0.004470214353358315
DilatedCausalCNN,0.5000181845989696,0.5007208925773977,-0.0007027079784280854
TemporalTransformer,0.501378540344724,0.5005487497840909,0.0008297905606330369
